Scale,q,Model,Norm,Opt,Act,Hidden,LR,Epochs,L2,acc_mean,acc_std,acc_min,acc_max,acc_median,precision_mean,recall_mean,f1_mean,fit_time_mean,pred_time_mean,total_time_mean
30x30,10,MQ,zscore,,,,,,0.0001,0.7444444444444445,0.04516089207311463,0.6444444444444445,0.8666666666666667,0.7333333333333333,0.7755372143729287,0.7444444444444444,0.7685668334311192,0.00016997361977701077,8.459364078589716e-05,0.0002545672605629079
30x30,10,PL,zscore,rmsprop,,,0.02,300,0.001,0.8315555555555556,0.05371897611702711,0.7333333333333333,0.9333333333333333,0.8444444444444444,0.8695698412698413,0.8315555555555555,0.8342335310192454,0.027667336120648544,6.979085970669985e-05,0.027737126980355242
30x30,10,MLP-1H,zscore,adam,sigmoid,"(128,)",0.01,150,0.0001,0.8422222222222222,0.04708804466759353,0.7555555555555555,0.9555555555555556,0.8444444444444444,0.8812090702947846,0.8422222222222222,0.8446288098145242,0.08141737064011977,0.00011006488086422905,0.081527435520984
30x30,10,MLP-2H,minmax,adam,tanh,"(128, 64)",0.005,300,0.0001,0.8457777777777777,0.05646543791570508,0.7111111111111111,0.9555555555555556,0.8555555555555556,0.8794222222222222,0.8457777777777777,0.8415859410430839,0.20127758813890978,8.006405987543985e-05,0.2013576521987852
