Scale,q,Model,Norm,Opt,Act,Hidden,LR,Epochs,L2,acc_mean,acc_std,acc_min,acc_max,acc_median,precision_mean,recall_mean,f1_mean,fit_time_mean,pred_time_mean,total_time_mean
30x30,10,MQ,boxcox+zscore,,,,,,0.001,0.7111111111111111,0.053147825524895095,0.6222222222222222,0.8888888888888888,0.7111111111111111,0.7672814209599924,0.711111111111111,0.7425243903430717,7.90340800449485e-05,5.560625995713053e-05,0.00013464034000207903
30x30,10,PL,boxcox+zscore,nesterov,,,0.02,100,0.0,0.7666666666666667,0.05966987369821134,0.6,0.9333333333333333,0.7777777777777778,0.8278676022390308,0.7666666666666666,0.7784395234395235,0.009358463999924425,5.493668006238295e-05,0.009413400679986807
30x30,10,MLP-1H,boxcox+zscore,rmsprop,relu6,"(16,)",0.01,300,0.0001,0.7884444444444444,0.0630484822268634,0.6444444444444445,0.9333333333333333,0.8,0.8509504844361987,0.7884444444444444,0.79389464715179,0.053513484739996786,3.212781997717684e-05,0.05354561255997396
30x30,10,MLP-2H,boxcox+zscore,adam,swish,"(64, 64)",0.005,300,0.001,0.7933333333333333,0.06097965659560997,0.6666666666666666,0.9555555555555556,0.8,0.8586052463409606,0.7933333333333333,0.8005466485895057,0.16881277630000113,9.52689998302958e-05,0.16890804529983142
