Scale,q,Model,Hidden,Act,Opt,LR,Epochs,L2,Clip,acc_mean,acc_std,acc_min,acc_max,acc_median,fnr_mean,fnr_std,fpr_mean,fpr_std,tpr_mean,ppv_mean,fit_time_mean,pred_time_mean,total_time_mean
30x30,10,MQ,,,,,,0.0001,,0.9829166666666667,0.023455779908395945,0.8958333333333334,1.0,1.0,0.0,0.0,0.018222222222222223,0.02501949856895568,1.0,0.8395,7.924247995106271e-05,5.678075976902619e-05,0.0001360232397200889
30x30,10,PL,,,momentum,0.01,300,0.001,,0.9808333333333333,0.02351122663277647,0.8958333333333334,1.0,0.9791666666666666,0.03333333333333334,0.1,0.018222222222222223,0.02501949856895568,0.9666666666666667,0.8375,0.02609107515992946,4.813558010937413e-05,0.026139210740038835
30x30,10,MLP-1H,"(256,)",relu,nesterov,0.02,150,0.0001,5.0,0.9808333333333333,0.02351122663277647,0.8958333333333334,1.0,0.9791666666666666,0.03333333333333334,0.1,0.018222222222222223,0.02501949856895568,0.9666666666666667,0.8375,0.05818072022018896,5.871797999134287e-05,0.0582394382001803
30x30,10,MLP-2H,"(32, 512)",relu,nesterov,0.02,150,0.0001,2.0,0.97875,0.025169563850898257,0.8958333333333334,1.0,0.9791666666666666,0.060000000000000005,0.14437605218471813,0.018666666666666668,0.024888888888888887,0.94,0.8285,0.08912387146017864,0.00010129834023246075,0.08922516980041109
