Scale,q,Model,Norm,Opt,Act,Hidden,LR,Epochs,L2,acc_mean,acc_std,acc_min,acc_max,acc_median,precision_mean,recall_mean,f1_mean,fit_time_mean,pred_time_mean,total_time_mean
30x30,10,MQ,boxcox+zscore,,,,,,0.0001,0.7151111111111111,0.04962874515519219,0.6222222222222222,0.8888888888888888,0.7111111111111111,0.7702802633874062,0.715111111111111,0.7440007853766096,0.0001491687199450098,7.975321903359146e-05,0.00022892193897860124
30x30,10,PL,boxcox+zscore,adam,,,0.02,200,0.001,0.7711111111111111,0.060817476370684485,0.6222222222222222,0.9111111111111111,0.7777777777777778,0.8384927437641723,0.7711111111111111,0.7832305023019309,0.018113484459900065,5.955660075414926e-05,0.018173041060654215
30x30,10,MLP-1H,boxcox+zscore,rmsprop,swish,"(128,)",0.02,200,0.0001,0.7933333333333333,0.058836454643883235,0.6444444444444445,0.8888888888888888,0.8,0.8576904761904761,0.7933333333333333,0.7999448768163054,0.09796054867998465,5.8490259980317206e-05,0.09801903893996496
30x30,10,MLP-2H,boxcox+zscore,adam,swish,"(64, 64)",0.005,300,0.001,0.7951111111111111,0.05679332250785722,0.6666666666666666,0.9111111111111111,0.8,0.8589392599464027,0.7951111111111111,0.8013765958908816,0.1648679798404919,7.505397996283137e-05,0.16494303382045472
