Scale,q,Model,Norm,Opt,Act,Hidden,LR,Epochs,L2,acc_mean,acc_std,acc_min,acc_max,acc_median,precision_mean,recall_mean,f1_mean,fit_time_mean,pred_time_mean,total_time_mean
30x30,,MQ,minmax,,,,,,0.1,0.8075555555555556,0.04941334852391284,0.6666666666666666,0.9111111111111111,0.8,0.8411235827664398,0.8075555555555556,0.8164810744810745,0.02012736115953885,0.00037423435947857796,0.020501595519017427
30x30,,PL,minmax_pm1,nesterov,,,0.02,100,0.0001,0.8395555555555556,0.05014349778755337,0.7333333333333333,0.9333333333333333,0.8333333333333333,0.869963492063492,0.8395555555555555,0.8427564800279086,0.030516389440454077,0.00014974972029449418,0.030666139160748573
30x30,,MLP-1H,minmax,adam,tanh,"(512,)",0.005,150,0.001,0.8573333333333333,0.04663279193819106,0.7333333333333333,0.9333333333333333,0.8666666666666667,0.8865873015873016,0.8573333333333333,0.8591050758765044,3.4758122515997094,0.0008382904193422291,3.4766505420190517
30x30,,MLP-2H,minmax_pm1,rmsprop,sigmoid,"(64, 256)",0.005,200,0.0001,0.8511111111111112,0.06242031957861396,0.5777777777777777,0.9555555555555556,0.8444444444444444,0.8835880230880231,0.851111111111111,0.8524563166991739,0.5069013119599549,0.00037131628021597863,0.5072726282401709
