Scale,q,Model,Hidden,Act,Opt,LR,Epochs,L2,Clip,acc_mean,acc_std,acc_min,acc_max,acc_median,fnr_mean,fnr_std,fpr_mean,fpr_std,recall_mean,recall_std,recall_min,recall_max,recall_median,precision_mean,precision_std,precision_min,precision_max,precision_median,f1_score_mean,f1_score_std,f1_score_min,f1_score_max,f1_score_median,fit_time_mean,pred_time_mean,total_time_mean
30x30,10,MQ,,,,,,0.0001,,0.9833333333333333,0.023570226039551577,0.8958333333333334,1.0,1.0,0.0,0.0,0.017777777777777778,0.025141574442188355,1.0,0.0,1.0,1.0,1.0,0.8445,0.1912648687030632,0.375,1.0,1.0,0.9028138528138527,0.12476285107085144,0.5454545454545454,1.0,1.0,0.0001408542801073054,7.60493195411982e-05,0.00021690359964850357
30x30,10,PL,,,momentum,0.01,300,0.001,,0.9808333333333333,0.02387758130315733,0.8958333333333334,1.0,0.9791666666666666,0.04000000000000001,0.10832051206181281,0.017777777777777778,0.025141574442188355,0.96,0.10832051206181281,0.6666666666666666,1.0,1.0,0.8408333333333333,0.19544997939228453,0.375,1.0,1.0,0.8794329004329005,0.13383579139700716,0.5454545454545454,1.0,0.8571428571428571,0.02311969358001079,5.961421993561089e-05,0.0231793077999464
30x30,10,MLP-1H,"(128,)",leaky_relu,momentum,0.01,300,0.0001,5.0,0.97875,0.02551211585806938,0.8958333333333334,1.0,0.9791666666666666,0.07333333333333335,0.16719914938645938,0.017777777777777778,0.025141574442188355,0.9266666666666666,0.16719914938645938,0.3333333333333333,1.0,1.0,0.8355,0.201541352249772,0.375,1.0,1.0,0.8564805194805195,0.1632681811006497,0.5,1.0,0.8571428571428571,0.11980313836000278,6.852277983853128e-05,0.11987166113984131
30x30,10,MLP-2H,"(256, 128)",swish,sgd,0.02,200,0.0,5.0,0.97875,0.025512115858069385,0.8958333333333334,1.0,0.9791666666666666,0.07333333333333335,0.15333333333333335,0.017777777777777778,0.025141574442188355,0.9266666666666666,0.15333333333333335,0.3333333333333333,1.0,1.0,0.8321666666666666,0.20564269174144426,0.375,1.0,1.0,0.8591471861471861,0.15745666977304723,0.4,1.0,0.8571428571428571,0.36567250448024424,0.0002755230397451669,0.3659480275199894
