Scale,q,Model,Norm,Opt,Act,Hidden,LR,Epochs,L2,Clip_grad,acc_mean,acc_std,acc_min,acc_max,acc_median,precision_mean,recall_mean,f1_mean,fit_time_mean,pred_time_mean,total_time_mean
30x30,10,MQ,zscore,,,,,,0.0001,,0.7444444444444445,0.04516089207311463,0.6444444444444445,0.8666666666666667,0.7333333333333333,0.7755372143729287,0.7444444444444444,0.7685668334311192,0.00017041891980625222,8.479431970044971e-05,0.0002552132395067019
30x30,10,PL,zscore,rmsprop,,,0.02,300,0.001,,0.8315555555555556,0.05371897611702711,0.7333333333333333,0.9333333333333333,0.8444444444444444,0.8695698412698413,0.8315555555555555,0.8342335310192454,0.02735963522012753,6.573443999513984e-05,0.02742536966012267
30x30,10,MLP-1H,minmax_pm1,rmsprop,relu6,"(256,)",0.005,300,0.001,10.0,0.8537777777777777,0.048501495458680384,0.7555555555555555,0.9777777777777777,0.8666666666666667,0.8859301587301587,0.8537777777777777,0.8537383219954648,0.16046393025986616,5.797422010800801e-05,0.1605219044799742
30x30,10,MLP-2H,minmax,adam,tanh,"(128, 128)",0.005,300,0.0001,0.0,0.8444444444444444,0.051830683509736,0.7111111111111111,0.9333333333333333,0.8444444444444444,0.8756619047619048,0.8444444444444444,0.8436453514739229,0.34565037474007115,0.00014312587976746726,0.3457935006198386
