Model,acc_mean_base,acc_mean_boxcox,acc_delta,f1_mean_base,f1_mean_boxcox,f1_delta,fit_time_mean_base,fit_time_mean_boxcox,fit_time_delta
MQ,0.7444444444444445,0.7151111111111111,-0.029333333333333322,0.7685668334311192,0.7440007853766096,-0.02456604805450957,0.00017041891980625222,0.00016966327973932493,-7.556400669272913e-07
PL,0.8315555555555556,0.7711111111111111,-0.06044444444444452,0.8342335310192454,0.7832305023019309,-0.051003028717314436,0.02735963522012753,0.017877702000259888,-0.009481933219867643
MLP-1H,0.8537777777777777,0.7977777777777778,-0.05599999999999994,0.8537383219954648,0.8073620971620972,-0.046376224833367674,0.16046393025986616,0.027506589359909413,-0.13295734089995676
MLP-2H,0.8444444444444444,0.8071111111111111,-0.03733333333333333,0.8436453514739229,0.8138169930598502,-0.02982835841407272,0.34565037474007115,0.1763173877801455,-0.16933298695992566
