Scale,q,Model,Norm,Opt,Act,Hidden,LR,Epochs,L2,Clip_grad,acc_mean,acc_std,acc_min,acc_max,acc_median,precision_mean,recall_mean,f1_mean,fit_time_mean,pred_time_mean,total_time_mean
30x30,900,MQ,none,,,,,,0.001,,0.8031111111111111,0.04745576237630209,0.6666666666666666,0.9111111111111111,0.8,0.8382394557823128,0.8031111111111111,0.8107988836560266,0.0007391605199154583,0.00017060616020899032,0.0009097666801244486
30x30,900,PL,none,sgd,,,0.01,200,0.001,,0.8093333333333333,0.0617585901457451,0.6888888888888889,0.9333333333333333,0.8111111111111111,0.8501174603174603,0.8093333333333333,0.8124413316841889,0.0803158791401438,0.00010191392026172252,0.08041779306040553
30x30,900,MLP-1H,minmax,adam,swish,"(256,)",0.005,300,0.001,2.0,0.8671111111111112,0.037840470855525846,0.7777777777777778,0.9555555555555556,0.8666666666666667,0.8936492063492063,0.867111111111111,0.8680987150415722,0.66435820008046,0.0003052322395524243,0.6646634323200123
30x30,900,MLP-2H,minmax,momentum,relu,"(256, 256)",0.02,150,0.0,2.0,0.8422222222222222,0.041514537093932005,0.7555555555555555,0.9333333333333333,0.8444444444444444,0.88130589569161,0.8422222222222222,0.8421535147392291,0.6074491905003379,0.0003628001198376296,0.6078119906201755
