Scale,q,Model,Norm,Opt,Act,Hidden,LR,Epochs,L2,Clip_grad,acc_mean,acc_std,acc_min,acc_max,acc_median,precision_mean,recall_mean,f1_mean,fit_time_mean,pred_time_mean,total_time_mean
30x30,,MQ,minmax,,,,,,0.1,,0.8075555555555556,0.04941334852391284,0.6666666666666666,0.9111111111111111,0.8,0.8411235827664398,0.8075555555555556,0.8164810744810745,0.032476109620147325,0.0005007871799534769,0.032976896800100804
30x30,,PL,minmax_pm1,adam,,,0.01,300,0.0001,,0.8564444444444445,0.055191697353769824,0.6888888888888889,0.9777777777777777,0.8666666666666667,0.8867809523809523,0.8564444444444445,0.8576241874527589,0.146544242039854,0.00016903612013265956,0.14671327815998667
30x30,,MLP-1H,minmax_pm1,adam,sigmoid,"(64,)",0.005,150,0.0001,10.0,0.8528888888888889,0.0514270428932166,0.7555555555555555,0.9555555555555556,0.8444444444444444,0.8849126984126984,0.8528888888888889,0.8544875283446712,0.37609071483999285,0.0002751887999329483,0.37636590363992584
30x30,,MLP-2H,minmax,nesterov,tanh,"(128, 512)",0.01,300,0.0001,5.0,0.8657777777777778,0.04765306721308519,0.7555555555555555,0.9777777777777777,0.8666666666666667,0.8930269841269841,0.8657777777777778,0.866401209372638,2.531289363939941,0.0006122669199976372,2.5319016308599385
