Scale,q,Model,Norm,Opt,Act,Hidden,LR,Epochs,L2,Clip_grad,acc_mean,acc_std,acc_min,acc_max,acc_median,precision_mean,recall_mean,f1_mean,fit_time_mean,pred_time_mean,total_time_mean
30x30,10,MQ,boxcox+zscore,,,,,,0.01,,0.7151111111111111,0.04962874515519219,0.6222222222222222,0.8888888888888888,0.7111111111111111,0.7702802633874062,0.715111111111111,0.7440007853766096,0.00016966327973932493,8.470029992167838e-05,0.0002543635796610033
30x30,10,PL,boxcox+zscore,adam,,,0.02,200,0.001,,0.7711111111111111,0.060817476370684485,0.6222222222222222,0.9111111111111111,0.7777777777777778,0.8384927437641723,0.7711111111111111,0.7832305023019309,0.017877702000259888,5.830952017277013e-05,0.017936011520432657
30x30,10,MLP-1H,boxcox+zscore,rmsprop,tanh,"(16,)",0.01,150,0.001,0.0,0.7977777777777778,0.051303983913845316,0.6666666666666666,0.9333333333333333,0.8,0.8577834776334776,0.7977777777777777,0.8073620971620972,0.027506589359909413,4.972262009687256e-05,0.027556311980006284
30x30,10,MLP-2H,boxcox+zscore,adam,leaky_relu,"(128, 64)",0.02,200,0.001,10.0,0.8071111111111111,0.056295516563800926,0.6888888888888889,0.9333333333333333,0.8222222222222222,0.8668291383219955,0.8071111111111111,0.8138169930598502,0.1763173877801455,0.00011600774014368654,0.1764333955202892
