Scale,q,Model,Norm,Opt,Act,Hidden,LR,Epochs,L2,Clip_grad,acc_mean,acc_std,acc_min,acc_max,acc_median,precision_mean,recall_mean,f1_mean,fit_time_mean,pred_time_mean,total_time_mean
30x30,79,MQ,boxcox+zscore,,,,,,0.01,,0.8426666666666667,0.051800185899852316,0.7333333333333333,0.9333333333333333,0.8444444444444444,0.9298046472046472,0.8426666666666667,0.8606452362452364,0.00016017796006053686,5.084562202682719e-05,0.00021102358208736406
30x30,79,PL,boxcox+zscore,sgd,,,0.005,200,0.0001,,0.8408888888888889,0.05093884011340232,0.7333333333333333,0.9555555555555556,0.8444444444444444,0.9276959373959374,0.8408888888888888,0.8575622953765811,0.01529786309984047,4.227217810694128e-05,0.015340135277947411
30x30,79,MLP-1H,boxcox+zscore,adam,sigmoid,"(512,)",0.02,150,0.0001,10.0,0.8302222222222222,0.05438954147832304,0.6888888888888889,0.9333333333333333,0.8444444444444444,0.9202649196956889,0.8302222222222222,0.8472880030022888,0.2139679339004215,0.0003639033998479135,0.2143318373002694
30x30,79,MLP-2H,boxcox+zscore,rmsprop,relu6,"(32, 256)",0.005,150,0.001,5.0,0.836,0.04966853091206708,0.7333333333333333,0.9333333333333333,0.8444444444444444,0.9244036093536093,0.836,0.8531882620025478,0.07717705957911676,9.042739897267893e-05,0.07726748697808944
