Scale,q,Model,Norm,Opt,Act,Hidden,LR,Epochs,L2,acc_mean,acc_std,acc_min,acc_max,acc_median,precision_mean,recall_mean,f1_mean,fit_time_mean,pred_time_mean,total_time_mean
30x30,900,MQ,minmax,,,,,,0.1,0.7937777777777778,0.04576698901993245,0.6888888888888889,0.9111111111111111,0.8,0.8245063492063491,0.7937777777777778,0.7962308390022677,0.0003290068199930829,6.61999999647378e-05,0.0003952068199578207
30x30,900,PL,zscore,rmsprop,,,0.02,300,0.001,0.8355555555555556,0.04169258453176381,0.7555555555555555,0.9111111111111111,0.8444444444444444,0.8691484126984127,0.8355555555555555,0.8351319521748093,0.04134414759995707,5.786187990452163e-05,0.04140200947986159
30x30,900,MLP-1H,minmax,adam,relu,"(256,)",0.02,150,0.0001,0.8582222222222222,0.04166651851825513,0.7555555555555555,0.9555555555555556,0.8666666666666667,0.8914804988662131,0.8582222222222222,0.857355919741634,0.10949535637988447,0.00010528891980357002,0.10960064529968803
30x30,900,MLP-2H,zscore,rmsprop,tanh,"(256, 128)",0.005,200,0.001,0.852,0.04840365255067961,0.7555555555555555,0.9555555555555556,0.8555555555555556,0.8858174603174603,0.852,0.8499934240362812,0.3271583095200549,0.00039664677991822826,0.3275549562999731
