Scale,q,Model,Norm,Opt,Act,Hidden,LR,Epochs,L2,acc_mean,acc_std,acc_min,acc_max,acc_median,precision_mean,recall_mean,f1_mean,fit_time_mean,pred_time_mean,total_time_mean
30x30,900,MQ,none,,,,,,0.001,0.8031111111111111,0.04745576237630209,0.6666666666666666,0.9111111111111111,0.8,0.8382394557823128,0.8031111111111111,0.8107988836560266,0.0006057523204071913,0.00010400482031400316,0.0007097571407211945
30x30,900,PL,zscore,rmsprop,,,0.02,300,0.001,0.8351111111111111,0.03977467399436511,0.7555555555555555,0.9111111111111111,0.8333333333333333,0.8654698412698412,0.8351111111111111,0.8358530406101835,0.035450814299692865,7.397897992632352e-05,0.03552479327961919
30x30,900,MLP-1H,minmax,adam,swish,"(512,)",0.005,300,0.001,0.8524444444444444,0.04592210258876262,0.7111111111111111,0.9555555555555556,0.8666666666666667,0.8879864468864469,0.8524444444444444,0.8543710427138999,1.05510602956012,0.0003792043404246215,1.0554852339005447
30x30,900,MLP-2H,zscore,rmsprop,swish,"(64, 32)",0.005,300,0.001,0.8515555555555555,0.043646164256678804,0.7555555555555555,0.9555555555555556,0.8444444444444444,0.8817587301587302,0.8515555555555555,0.8487,0.17748044260049936,8.748499938519671e-05,0.17756792759988457
