Scale,q,Model,Hidden,Act,Opt,LR,Epochs,L2,Clip,acc_mean,acc_std,acc_min,acc_max,acc_median,fnr_mean,fnr_std,fpr_mean,fpr_std,tpr_mean,ppv_mean,fit_time_mean,pred_time_mean,total_time_mean
30x30,10,MQ,,,,,,0.001,,0.9808510638297873,0.023787957207444567,0.8936170212765957,1.0,0.9787234042553191,0.0,0.0,0.02,0.024845199749997663,1.0,0.7717142857142857,0.000143154579855036,7.811022005626001e-05,0.000221264799911296
30x30,10,PL,,,sgd,0.005,100,0.001,,0.9804255319148936,0.025475114122716195,0.8936170212765957,1.0,0.9787234042553191,0.02,0.09797958971132711,0.019555555555555555,0.024601515561063197,0.98,0.769047619047619,0.008514436820551054,6.913781995535828e-05,0.008583574640506414
30x30,10,MLP-1H,"(32,)",relu,momentum,0.01,300,0.0,5.0,0.9770212765957447,0.02651989183129001,0.8936170212765957,1.0,0.9787234042553191,0.09,0.21656407827707713,0.02,0.024845199749997663,0.91,0.7457142857142857,0.06715520680008921,6.0177820560056714e-05,0.06721538462064927
30x30,10,MLP-2H,"(64, 128)",leaky_relu,nesterov,0.005,300,0.001,2.0,0.9761702127659574,0.02679161912969735,0.8936170212765957,1.0,0.9787234042553191,0.12,0.23579652245103191,0.019555555555555555,0.024601515561063197,0.88,0.7460476190476191,0.257285175119905,0.0001464167595258914,0.25743159187943093
