Model,acc_mean_base,acc_mean_boxcox,acc_delta,f1_mean_base,f1_mean_boxcox,f1_delta,fit_time_mean_base,fit_time_mean_boxcox,fit_time_delta
MQ,0.7444444444444445,0.7111111111111111,-0.033333333333333326,0.7685668334311192,0.7425243903430717,-0.026042443088047484,7.851037997170352e-05,7.90340800449485e-05,5.23700073244975e-07
PL,0.8315555555555556,0.7666666666666667,-0.06488888888888888,0.8342335310192454,0.7784395234395235,-0.05579400757972186,0.025670258659993124,0.009358463999924425,-0.0163117946600687
MLP-1H,0.856,0.7884444444444444,-0.06755555555555559,0.8569761904761904,0.79389464715179,-0.06308154332440041,0.12178697571980593,0.053513484739996786,-0.06827349097980914
MLP-2H,0.844,0.7933333333333333,-0.05066666666666664,0.8436227375798805,0.8005466485895057,-0.04307608899037474,0.07216287164024834,0.16881277630000113,0.09664990465975279
